Prompt,gpt-2_base_117m,indic_gpt2_epoch1,indic_gpt2_epoch2,indic_gpt2_epoch3,BLOOM 1.7B HF
आप कैसे हैं?,आप कैसे हैंक बी द्षुदर नोग विन यह ततू म॥। लल भ७य इब पडः़ृ जॉवज़ सम,"आप कैसे हैं? याद आ गयी पूर्णिमा सब नहा , अगुवाड़ा ! इन रचतोलॉजॅ मौका ।","आप कैसे हैं? आ गया मुझो इन लग्जरी औफिल वाशइ । यह एक बड़ूता , दवॉई जड़",आप कैसे हैं? ख़रीदो तुम उतना जल्कि वक़ौफ़ नहजूब बचाओ शाज़ा செ�ाക್,आप कैसे हैं?' 'आप कैसे हैं?' 'आप कैसे हैं?' 'आप कैसे हैं?' 'आप कैसे हैं?' 'आप कैसे हैं?' 'आप कैसे हैं?' 'आप कैसे हैं?' 'आप कैसे हैं?' 'आप कैसे हैं?' 'आप कैसे हैं?' 'आप कैसे हैं?' 'आप कैसे हैं?' 'आप कैसे हैं?' 'आप कैसे
लेकिन यह हिंदी नहीं है,लेकिन यह हिंदी नहीं हैमू ।र्टो रयृ सपतुझ़ब कॎफऱ च॰ मागौः ा पा॥ �,लेकिन यह हिंदी नहीं है कुछ लड़तोँ मौसम स्वभाग पर इज़बाड़ अपा दखया �,लेकिन यह हिंदी नहीं है क्योँ मुझॸू… . . तौबा पढ़ॗृत बस चमडगारक़ड़ज़ �,लेकिन यह हिंदी नहीं है क्योँईवु अरूढ़ता सौभागृशख़ज़मॊ मध२७ रा० व�,
क्या आप हिंदी में उत्तर दे सकते हैं?,A large portion of these people are suffering from depression and anxiety. Their lives are in a state of despair and need help. But many of them are willing to go to a doctor and receive medical treatment.,"क्या आप हिंदी में उत्तर दे सकते हैं? ताजमहा , काॅलोनॉ औषधवा ( बुखा ) ज",क्या आप हिंदी में उत्तर दे सकते हैं? काश औनलाज़ लगभवज़ बह गोसुखधा .,क्या आप हिंदी में उत्तर दे सकते हैं? यह एनोवा ? इ - क बुलॉ गाइफ़ पू . वस�,क्या आप हिंदी में उत्तर दे सकते हैं?
आपने बारे में कुछ बताओ,आपने बारे में कुछ बताओ्य है पी वह आ सूम दोगल उचृस नि खौव तकभ चा रा।ॉ,"आपने बारे में कुछ बताओ पूजा जिस्म दोबी नहैवाज़़ सलका , वफाा - आख़डय हट �","आपने बारे में कुछ बताओ औऱ यह भी सोचा है ज्याज़ल खा . तूफाफ़ा , नाा - फड़ा ! आख़ि","आपने बारे में कुछ बताओ औऱ शीघ्ण पूजा जिसका । लोगौचा ( धमधा ) न सैला , फ�","आपने बारे में कुछ बताओ।” “हाँ, मैं एक डॉक्टर हूँ।” “तो, क्या आप एक डॉक्टर हैं?” “हाँ, मैं एक डॉक्टर हूँ।” “तो, क्या आप एक डॉक्टर हैं?” “हाँ, मैं एक डॉक्टर हूँ।” “तो, क्या आप एक डॉक्टर हैं?” “हाँ, मैं एक डॉक्टर हूँ।” “तो, क्या आप एक डॉक्टर हैं?” “हाँ, मैं एक डॉक्टर हूँ"
"एक समय की बात है, जब जंगल में…","एक समय की बात है, जब जंगल में... प।ि भ्रभा इुधो वदू आपन श॥ तौश लृ उटह न","एक समय की बात है, जब जंगल में…पर शुद्ध पूड़ोसॉफज़ एॕा दिन लड़खटा , खौ","एक समय की बात है, जब जंगल में…हिन्दू धरोई , गौशा व दस अवधुओँ औऱ पाॅड़","एक समय की बात है, जब जंगल में…आदिवाज़ और उस्ना तथा “फ़ूढ़ पहाा” ( अपोचअ )",
भारत का भविष्य कैसा होगा?,"A: Yes, sir.
: You are not allowed to ask the lady for any money. This is for your own benefit. I will go to the police station and tell them what you have done. They will not be able to do anything about it. (Note: this is the first time",भारत का भविष्य कैसा होगा? यदन से पहली बाज़ाा । फ़ूट लड़कं खबखुश रौमण,भारत का भविष्य कैसा होगा? - राॅ बा . आनंद - N . I . T . : सचमुख यह मशक़लू इबे पट�,"भारत का भविष्य कैसा होगा? यह समझ में नकल रुख अपनाॅा ? इ - वॉइ लीड़फटा , �","भारत का भविष्य कैसा होगा? क्या भारत का भविष्य एक ऐसे देश में बदल जाएगा, जहां हर कोई एक दूसरे से प्यार करता हो? क्या भारत का भविष्य एक ऐसे देश में बदल जाएगा, जहां हर कोई एक दूसरे से प्यार करता हो? क्या भारत का भविष्य एक ऐसे देश में बदल जाएगा, जहां हर कोई एक दूसरे से प्यार करता हो? क्या भारत का भविष्य एक ऐसे देश में बदल जाएगा, जहां हर कोई एक दूसरे से प्यार करता हो? क्या भारत का भविष्य एक ऐसे देश में बदल जाएगा"
खुशहाल जीवन का राज क्या है?,"Yes. It is not our duty to use the money of others, for the government is the recipient of the profits of its own activities. However, the Government does not take into account the benefit derived from the employment of people or on the basis of their skill in that activity. The Government of","खुशहाल जीवन का राज क्या है? खतरबंद पढ़किए बेटोगृषॣमणू सभा , तौसड़ा",खुशहाल जीवन का राज क्या है? ख़ूबसोरित तथा ( गदे ) आप सभृ उमड़कं बॅाज़ग�,"खुशहाल जीवन का राज क्या है? खाड़ा , बा . पू . , १०९६ , ( माफ़ेमिसोपा ) तथा అూ�",खुशहाल जीवन का राज क्या है?
पढ़ाई के महत्व के बारे में...,"पढ़ाई के महत्व के बारे में...

चिलोनी समा इा ॥ लयक भाृष। नगैसु उझऋ प�","पढ़ाई के महत्व के बारे में... है , अब आज भी इज़ना पढ़ो सभा . . दिलुआ नया , …एक �","पढ़ाई के महत्व के बारे में... सब अधिक जा चुनी गयै । यदगा - ताज़ा फ़सा�ा , द�",पढ़ाई के महत्व के बारे में... जा सकनी है । आज पूछो इज़िबुल फौगाक़ औषधॿ,पढ़ाई के महत्व के बारे में...
अगर मैं प्रधानमंत्री होता तो…,"अगर मैं प्रधानमंत्री होता तो...

ले कुस सिठयवा ।क भूा... बडदृ न॥शॏझ�","अगर मैं प्रधानमंत्री होता तो… कुछ दिल अख़बाज़े लड़कपयू , यह सच नौज�",अगर मैं प्रधानमंत्री होता तो…आजकल लड़खिया… . देश कुछ खूड़ा . . ‘सभौ�,अगर मैं प्रधानमंत्री होता तो… अाेशुलू । आज़किसौट वह एयफ़बॉडग़वा,
चांदनी रात में गांव के बाहर…,"I love the idea of making an avatar and using it as a means of self-expression. This is my idea, this is the way I want it to be.
""I hope that in the future I will see other people like this who are just as creative and creative as",चांदनी रात में गांव के बाहर…मिल्क नगश सुधा दू । ‘असफ़जब’ था फ़ईया . �,चांदनी रात में गांव के बाहर… यशपा नगमा ( अब्यूज़ैक ) । … पिछलोड सभु वाक़,"चांदनी रात में गांव के बाहर… दुल्भा उठा . . नगमा , चूड़ा - फिसडौ़ज , , - - ‘आप�",
एक जादुई किताब की कहानी…,"एक जादुई किताब की कहानी…

पोर्या पाेज नमूगण तैसं भ।षा…थौभव३ॆश॥ ह",एक जादुई किताब की कहानी… . इस बाक़ मे होम प्रॉवैल लूटपा दफॼ गया… अगौशा,एक जादुई किताब की कहानी… . अमृगंधा मस्ज़र भू गौशाफ़े वाक़ैलोव नटढ़या .,एक जादुई किताब की कहानी… . पर अगले मंच स्थपा हो गौवध औऱ दस वृशू ए तैय,
भूलभुलैया के अंदर अचानक से…,"भूलभुलैया के अंदर अचानक से…

त्स नाीहो धॏछवृ प।िबा – जौप बय़ट भा ॥ ह",भूलभुलैया के अंदर अचानक से…साफ़ होती रहिए यौगपम चट्ठा । उज़बॉ पढ़,भूलभुलैया के अंदर अचानक से… . लाज़ मोड़ आती ह्वा …… दृढ़बॉडॼ वक़० जिसम,"भूलभुलैया के अंदर अचानक से… . बाज़ा क़िसा , आँ ना . . फ़हमी औफत पड़ो बढ़ौज ह",
जीवन का सबसे बड़ा सबक…,"जीवन का सबसे बड़ा सबक…

गित व्र दूश है नयाद ंॏल मोपं जाुषट खॉम लहा","जीवन का सबसे बड़ा सबक… ज़िंदगुरू औषधता फ़ल है , लोहम जय राशभ म्पृथॉ",जीवन का सबसे बड़ा सबक…आराम दो… . यूँ… शुभ तिथग्य है… | No . 1 Indian Media News Portal तृपौल । भ,जीवन का सबसे बड़ा सबक…और हम इंटलियः पताश नहोगा । आप तुझध्दा . . मैँ �,
अगर समय को रोका जा सके तो…,"अगर समय को रोका जा सके तो… दिंनष हैतस इजचए अ। षहाला…

(3) the time for the people to be united and to work together. (4) for them to","अगर समय को रोका जा सके तो… । पूछताड़ा , अख़िल भा . . दुबई औऱ इंज़ीनए खज्श",अगर समय को रोका जा सके तो…एस्पीटिंड मैथुन चौधऱू नॉवल हज़द गाज़ॿ‍,अगर समय को रोका जा सके तो… बहुत प्लीज हिंदू धनौड़ै गढ़वासड़ॉब मज़फॽ,
मनुष्य चंद्रमा पर क्यों गया?,"मनुष्य चंद्रमा पर क्यों गया?

As a result, you will notice that all the references to the ""Egenda"" are very similar.
. . . [E]mple the words तहिलीस नधे व","मनुष्य चंद्रमा पर क्यों गया? । उस दिल से हजाती बहू , आप तक मैटॉ औऱ अ",मनुष्य चंद्रमा पर क्यों गया? जब हिँ तौ मू - बैली से छाता - ( यह दस फ़टक,मनुष्य चंद्रमा पर क्यों गया? मैँ उसका ? वही जेब हिलातू ? ( तथौड़ा ) अपॉ,
भारत में सबसे खूबसूरत जगह कौन सी है?,"भारत में सबसे खूबसूरत जगह कौन सी है?

""पविलक भोम द्या फुफ पाृ गा?""
.",भारत में सबसे खूबसूरत जगह कौन सी है? । फ़िल्म पदोक नज़़खवडऩा व दया,भारत में सबसे खूबसूरत जगह कौन सी है? इख़्कमाॅल पिछड़ो वा उपड़ तथा ( ल,"भारत में सबसे खूबसूरत जगह कौन सी है? यदि आप भोज व दुकाड़्या बढ़ा , तक़ल",
जीवन का असली उद्देश्य क्या है?,जीवन का असली उद्देश्य क्या है? तोति नषूगर दाप सुमं खह़ प।ा॥ृ म॒क�,"जीवन का असली उद्देश्य क्या है? । पृथुरागढ़ मोहमबूतड़ा , दिख॰ चाज़प औ",जीवन का असली उद्देश्य क्या है? । इ गरोड़ सूखुताकिम रहण पटगाड़ व शं,जीवन का असली उद्देश्य क्या है? यह सोचतू तब मांग रखिए जरुआ नक़झौड,
पृथ्वी पर जीवन कैसे शुरू हुआ?,"पृथ्वी पर जीवन कैसे शुरू हुआ?

As per the law, an individual who is a Muslim should not be punished under the Shariah Law for his alleged involvement in a terrorist act, but he should be prosecuted under Sharh Muharram (Muslim Penal Code).
(4) If","पृथ्वी पर जीवन कैसे शुरू हुआ? । आज यह माया दिखा , लोगौतढ़ नज़दड़ा - तबक़",पृथ्वी पर जीवन कैसे शुरू हुआ? १९४ मोतिहाई राज़ौंधा बॉक समय औदक़० �,पृथ्वी पर जीवन कैसे शुरू हुआ? औऱ यह दोष भौतिक व साधाड़बाा मॉडल बचभा,
सफलता पाने के लिए क्या करना चाहिए?,"सफलता पाने के लिए क्या करना चाहिए? ॥.

पीज हूगश जाा नमों दका ?
: मदुड�",सफलता पाने के लिए क्या करना चाहिए? । सुबक आप अचूज मैं ही जाफ़़ोगज़ौ न,"सफलता पाने के लिए क्या करना चाहिए? । जब तक आप यदम सुझा , मैं उठा - भाड़ दू",सफलता पाने के लिए क्या करना चाहिए? यदपुका - छठ मई तथा 18 अगवाों सूचमैड�,
अच्छा स्वास्थ्य बनाए रखने के उपाय क्या हैं?,"अच्छा स्वास्थ्य बनाए रखने के उपाय क्या हैं?

What are the steps you would like to take to ensure that we do not get a bad outcome? What are your plans for the future? Do you want to",अच्छा स्वास्थ्य बनाए रखने के उपाय क्या हैं? । एक शोध मुझू और पढ़िल �,अच्छा स्वास्थ्य बनाए रखने के उपाय क्या हैं? । इतिहाज़ मूली शबुदा ( अ,अच्छा स्वास्थ्य बनाए रखने के उपाय क्या हैं? अख़बाज़ मुझ८ लोग तीर पक�,
tell me something about earth,,,,,tell me something about earth. I don't know. I don't know. I don't know. I don't know. I don't know. I don't know. I don't know. I don't know. I don't know. I don't know. I don't know. I don't know. I don't know. I don't know. I don't know. I don't know. I don't know. I don't know. I don't know. I don't know. I don't know. I don't know. I don't know. I don't